Admission Reg No,Marksheet Reg No,Course,Academic Session,Marksheet Roll No,Semester,2nd
Admission Reg No,Marksheet Reg No,Course,Academic Session,Marksheet Roll No,Semester,2nd
Admission Reg No,Marksheet Reg No,Course,Academic Session,Marksheet Roll No,Semester,2nd
Admission Reg No,Marksheet Reg No,Course,Academic Session,Marksheet Roll No,Semester,2nd
Admission Reg No,Marksheet Reg No,Course,Academic Session,Marksheet Roll No,Semester,2nd
Admission Reg No,Marksheet Reg No,Course,Academic Session,Marksheet Roll No,Semester,2nd
Admission Reg No,Marksheet Reg No,Course,Academic Session,Marksheet Roll No,Semester,2nd
Admission Reg No,Marksheet Reg No,Course,Academic Session,Marksheet Roll No,Semester,2nd
Admission Reg No,Marksheet Reg No,Course,Academic Session,Marksheet Roll No,Semester,2nd
Admission Reg No,Marksheet Reg No,Course,Academic Session,Marksheet Roll No,Semester,2nd
Admission Reg No,Marksheet Reg No,Course,Academic Session,Marksheet Roll No,Semester,2nd
