Admission Reg No,Name,Course,Academic Session,Semester,Marksheet Serial No,Marksheet Reg No,Marksheet Roll No,Type
Admission Reg No,Name,Course,Academic Session,Semester,Marksheet Serial No,Marksheet Reg No,Marksheet Roll No,Type
Admission Reg No,Name,Course,Academic Session,Semester,Marksheet Serial No,Marksheet Reg No,Marksheet Roll No,Type
Admission Reg No,Name,Course,Academic Session,Semester,Marksheet Serial No,Marksheet Reg No,Marksheet Roll No,Type
Admission Reg No,Name,Course,Academic Session,Semester,Marksheet Serial No,Marksheet Reg No,Marksheet Roll No,Type
Admission Reg No,Name,Course,Academic Session,Semester,Marksheet Serial No,Marksheet Reg No,Marksheet Roll No,Type
Admission Reg No,Name,Course,Academic Session,Semester,Marksheet Serial No,Marksheet Reg No,Marksheet Roll No,Type
Admission Reg No,Name,Course,Academic Session,Semester,Marksheet Serial No,Marksheet Reg No,Marksheet Roll No,Type
Admission Reg No,Name,Course,Academic Session,Semester,Marksheet Serial No,Marksheet Reg No,Marksheet Roll No,Type
Admission Reg No,Name,Course,Academic Session,Semester,Marksheet Serial No,Marksheet Reg No,Marksheet Roll No,Type
Admission Reg No,Name,Course,Academic Session,Semester,Marksheet Serial No,Marksheet Reg No,Marksheet Roll No,Type
Admission Reg No,Name,Course,Academic Session,Semester,Marksheet Serial No,Marksheet Reg No,Marksheet Roll No,Type
Admission Reg No,Name,Course,Academic Session,Semester,Marksheet Serial No,Marksheet Reg No,Marksheet Roll No,Type
Admission Reg No,Name,Course,Academic Session,Semester,Marksheet Serial No,Marksheet Reg No,Marksheet Roll No,Type
Admission Reg No,Name,Course,Academic Session,Semester,Marksheet Serial No,Marksheet Reg No,Marksheet Roll No,Type
Admission Reg No,Name,Course,Academic Session,Semester,Marksheet Serial No,Marksheet Reg No,Marksheet Roll No,Type
Admission Reg No,Name,Course,Academic Session,Semester,Marksheet Serial No,Marksheet Reg No,Marksheet Roll No,Type
Admission Reg No,Name,Course,Academic Session,Semester,Marksheet Serial No,Marksheet Reg No,Marksheet Roll No,Type
Admission Reg No,Name,Course,Academic Session,Semester,Marksheet Serial No,Marksheet Reg No,Marksheet Roll No,Type
Admission Reg No,Name,Course,Academic Session,Semester,Marksheet Serial No,Marksheet Reg No,Marksheet Roll No,Type
Admission Reg No,Name,Course,Academic Session,Semester,Marksheet Serial No,Marksheet Reg No,Marksheet Roll No,Type
Admission Reg No,Name,Course,Academic Session,Semester,Marksheet Serial No,Marksheet Reg No,Marksheet Roll No,Type
Admission Reg No,Name,Course,Academic Session,Semester,Marksheet Serial No,Marksheet Reg No,Marksheet Roll No,Type
